<mapping>
  <!-- relevant classes -->
  <class id = "1200"/>
  <class id = "1400"/>
  <class id = "1103"/>
  <class id = "1100"/>
  <class id = "1501"/>
  <class id = "1300"/>
  <!-- map classes -->
  <map from="1202"  to="1200"/>
  <map from="1203"  to="1200"/>
  <map from="1206"  to="1200"/>
  <map from="1301"  to="1200"/>
  <map from="1401"  to="1400"/>
  <map from="1412"  to="1400"/>
  <map from="1302"  to="1103"/>
  <map from="1303"  to="1103"/>
  <map from="1101"  to="1100"/>
  <map from="1102"  to="1100"/>
  <map from="1306"  to="1300"/>
</mapping>